{"cameraMode":{"drawMode":0,"name":"Shaded","section":"Shading Mode"},"sceneLighting":false,"audioPlay":false,"sceneViewState":{"showFog":true,"showMaterialUpdate":false,"showSkybox":false,"showFlares":true,"showImageEffects":true,"showParticleSystems":true},"in2DMode":false,"pivot":{"x":3.541768789291382,"y":22.765819549560548,"z":14.526800155639649},"rotation":{"x":-0.009984520263969899,"y":-0.3834819197654724,"z":0.004146113060414791,"w":-0.9234851598739624},"size":0.700258195400238,"orthographic":false}